<?xml version="1.0" encoding="UTF-8"?>
<uptime xmlns:xsi="http://www.w3.org/2001/XMLSchema-instance" xsi:schemaLocation="http://www.uptimesoftware.com/erdc/erdc erdc"
	xmlns="http://www.uptimesoftware.com/erdc/erdc" xmlns:upt="http://www.uptimesoftware.com/erdc/erdc" version="4.0"
	target_grouping="other">

	<class>Monitor VMware VMCPU</class>
	<exec>JAVA_PLUGIN:UptimeMonitorVMwareVMCPU</exec>
	<erdc_version>1.0</erdc_version>
	<category>VMware Monitors</category>
	<category_related></category_related>
	<grid_info>
		<supported_versions>7.3, 7.4</supported_versions>
		<supported_platforms>windows, linux</supported_platforms>
		<upgrade_in_place>true</upgrade_in_place>
		<requires_agent_scripts>false</requires_agent_scripts>
	</grid_info>

	<elements>
		<element name="memBalloon" parameter_type="output" data_type="integer" gui_basic="1" range_type="0" units="kB">
			<control_options>size:10</control_options>
			<default_value />
			<short_description>Memory Ballooned (kB)</short_description>
			<long_description>Memory Ballooned (kB)</long_description>
			<validation_rule />
			<error_message />
			<gui_type>
				<integer />
			</gui_type>
		</element>

		<element name="pctReady" parameter_type="output" data_type="integer" gui_basic="1" range_type="0" units="%">
			<control_options>size:4</control_options>
			<default_value />
			<short_description>CPU Ready (%)</short_description>
			<long_description>CPU Ready (%)</long_description>
			<validation_rule />
			<error_message />
			<gui_type>
				<integer />
			</gui_type>
		</element>

		<element name="pctWait" parameter_type="output" data_type="integer" gui_basic="1" range_type="0">
			<control_options>size:10</control_options>
			<default_value />
			<short_description>pctWait</short_description>
			<long_description>pctWait</long_description>
			<validation_rule />
			<error_message />
			<gui_type>
				<integer />
			</gui_type>
		</element>

		<element name="timer" parameter_type="output" data_type="integer" gui_basic="0" range_type="0" units="ms">
			<control_options>size:8</control_options>
			<default_value />
			<short_description>Response time</short_description>
			<long_description>Response time in ms</long_description>
			<validation_rule />
			<error_message />
			<gui_type>
				<integer />
			</gui_type>
		</element>
	</elements>

	<help>MonitorVMwareVMCPU was built for percent % and ballooning reporting</help>
</uptime>
